iter	MAE	RMSE
0	2.545591419	3.154914047
1	2.494393997	3.084569217
2	2.442848171	3.018576379
3	2.393805579	2.959487526
4	2.337419921	2.898984776
5	2.279780447	2.836267084
6	2.238462603	2.784447335
7	2.190200459	2.727671611
8	2.1407414	2.669228446
9	2.095505912	2.614466267
10	2.050208665	2.559977635
11	2.005825563	2.506605166
12	1.965439129	2.452121643
13	1.921430737	2.398838131
14	1.885868214	2.353181833
15	1.844458494	2.300185769
16	1.802398186	2.254368385
17	1.766606512	2.207761795
18	1.726972327	2.162813829
19	1.688194785	2.119333443
20	1.649556783	2.074197176
21	1.612426179	2.029417711
22	1.578927346	1.989799825
23	1.547971105	1.952859536
24	1.524892916	1.920286132
25	1.494442977	1.883308662
26	1.462950721	1.845989176
27	1.431213048	1.807613955
28	1.401834409	1.773389204
29	1.372676791	1.742058493
30	1.348277312	1.710405219
31	1.317463394	1.674510948
32	1.287644514	1.638979553
33	1.263485381	1.610332447
34	1.242167753	1.583900926
35	1.215637258	1.553107714
36	1.190334601	1.524631039
37	1.166229535	1.497357553
38	1.143162055	1.472514856
39	1.118469638	1.445182011
40	1.09757318	1.420567654
41	1.079466132	1.395080547
42	1.056932041	1.36845035
43	1.036377662	1.340953215
44	1.016011504	1.316132169
45	0.9971014211	1.294028572
46	0.9759165427	1.269972273
47	0.9577463294	1.246554247
48	0.9375869114	1.221803772
49	0.9178084201	1.19807626
50	0.900340692	1.174642358
51	0.883643171	1.154180421
52	0.8670539313	1.134940493
53	0.8498004742	1.113958501
54	0.8300128528	1.090954065
55	0.8129442207	1.070841342
56	0.7959380026	1.051309041
57	0.780668499	1.032871288
58	0.7667938313	1.016662782
59	0.7504456484	0.9969857633
60	0.7362184086	0.9786019949
61	0.7222394061	0.9632056558
62	0.7075768374	0.947738935
63	0.6932716814	0.9321781849
64	0.67933732	0.9189124559
65	0.6646692666	0.9018339521
66	0.6510445367	0.886357513
67	0.6406063837	0.8713072722
68	0.6281912749	0.8561650455
69	0.6192196223	0.8448834187
70	0.6082422785	0.8321429716
71	0.597505752	0.8202531715
72	0.5872090191	0.8066641918
73	0.5764750652	0.7936933954
74	0.5675307799	0.7828663258
75	0.5570406649	0.7709010734
76	0.5466702657	0.7577526223
77	0.5371477337	0.7466163127
78	0.5268621501	0.7354391095
79	0.5178826959	0.7258089575
80	0.5092326901	0.7159100615
81	0.5005681227	0.7063085999
82	0.4931373	0.696607099
83	0.4855254734	0.686542239
84	0.4785212559	0.6776124555
85	0.4702751902	0.6680377528
86	0.4630335229	0.6585456279
87	0.4564592722	0.6504448991
88	0.4492910079	0.6410425976
89	0.4424321657	0.6317960229
90	0.435770112	0.622342589
91	0.4298795921	0.6147361177
92	0.4232532494	0.6069289225
93	0.4175688416	0.6000032267
94	0.4117477945	0.5926361238
95	0.406216942	0.584977361
96	0.4007994202	0.577560888
97	0.3960496787	0.5711080855
98	0.3909640683	0.5640820771
99	0.3883765	0.5590378512
100	0.3836341003	0.5524303323
101	0.3786868055	0.5446747941
102	0.3745804032	0.5385285025
103	0.3697771501	0.5316843509
104	0.3655611444	0.52651159
105	0.3616917515	0.5213767962
106	0.3571707444	0.5161142775
107	0.3528293296	0.5106929718
108	0.3499636265	0.5064235494
109	0.346048396	0.5007343598
110	0.3423167037	0.4956937688
111	0.3388664257	0.4906856886
112	0.3355832834	0.4860686665
113	0.3317013401	0.4809954693
114	0.328254439	0.4769795364
115	0.3253244415	0.472882947
116	0.3218784518	0.4680083031
117	0.3189891392	0.463685232
118	0.315261435	0.4587971335
119	0.312113813	0.4544362638
120	0.3090370905	0.4503165725
121	0.3045434744	0.4442948351
122	0.30209436	0.4413013172
123	0.2989972358	0.4366544477
124	0.2966340469	0.4320790714
125	0.2963195371	0.4310757561
126	0.2937070335	0.4277273442
127	0.2920184944	0.4258294917
128	0.2896797558	0.4224210375
129	0.2873799425	0.4192456905
130	0.2854039275	0.4160558517
131	0.2831765698	0.4125728299
132	0.2811279121	0.4096823655
133	0.2792439515	0.4068511423
134	0.2774110823	0.404128873
135	0.2759270212	0.4015508138
136	0.2734002045	0.3985844459
137	0.2718276047	0.3963568839
138	0.2701901347	0.3942022691
139	0.268258176	0.391539895
140	0.2660852306	0.3889488337
141	0.2645368324	0.386350458
142	0.262721456	0.3837190114
143	0.2614221417	0.3811856318
144	0.2603778251	0.3795644813
145	0.2582626617	0.3768590005
146	0.2563090044	0.374002082
147	0.2548210709	0.3711788988
148	0.2532991149	0.3690832061
149	0.2516782755	0.3667708143
150	0.2498865427	0.3641011121
151	0.2480244202	0.3612893286
152	0.2465831103	0.3589393197
153	0.2451379666	0.3564274736
154	0.2434406202	0.354331094
155	0.2419560806	0.3517465541
156	0.2408005946	0.3496484637
157	0.2398020175	0.3478249647
158	0.2385451258	0.3458645822
159	0.2375070706	0.3443643144
160	0.2363693368	0.3426093549
161	0.2353458376	0.3408095344
162	0.233544068	0.3382240405
163	0.2322153667	0.3360572691
164	0.2307608715	0.333511121
165	0.230036604	0.3324730012
166	0.2293220109	0.3313885935
167	0.2280670868	0.3292330146
168	0.2267835329	0.3275397931
169	0.2259977149	0.3261149431
170	0.2250270303	0.324634414
171	0.2237371539	0.3230188169
172	0.2223791248	0.3213554155
173	0.2213723173	0.319867288
174	0.2200470661	0.3180167613
175	0.2188637244	0.316371852
176	0.21807526	0.3150206152
177	0.2172399021	0.3135954043
178	0.2166675309	0.3122920501
179	0.2162724713	0.311408947
180	0.2152780578	0.3095385179
181	0.213794063	0.307427841
182	0.2131472652	0.3064195326
183	0.2120333572	0.3048972395
184	0.210756291	0.3035500065
185	0.2105152958	0.3030145658
186	0.2096145627	0.3017604319
187	0.2088620517	0.30043755
188	0.2081259356	0.2989643436
189	0.2065485983	0.296614107
190	0.2054770816	0.295040735
191	0.2047664699	0.2937147859
192	0.204241491	0.2926964688
193	0.2035967416	0.2913621453
194	0.2028693164	0.2900967597
195	0.2023940037	0.2890888842
196	0.201745692	0.2878157785
197	0.2006463416	0.2863019417
198	0.2000956846	0.2851222311
199	0.1989978651	0.2833173663
200	0.1985348214	0.2821683639
201	0.1979133116	0.2811505098
202	0.1970784882	0.2796586749
203	0.1963692589	0.278647097
204	0.196028675	0.2777572006
205	0.1944454225	0.2755888533
206	0.1941591487	0.2750833131
207	0.1937221264	0.2742447748
208	0.1932907391	0.2733906242
209	0.1923362475	0.2718881198
210	0.1916776016	0.270771731
211	0.1904320177	0.2692723901
212	0.1898006478	0.2682999992
213	0.1885937402	0.2665547844
214	0.1883791428	0.2661661181
215	0.1878672908	0.2652469146
216	0.187012562	0.2639863986
217	0.1864268934	0.2628675818
218	0.1861757319	0.2621799089
219	0.1855439706	0.2611392824
220	0.1848682652	0.2600964272
221	0.1843094155	0.2590988017
222	0.1836660871	0.2578765425
223	0.183088181	0.2567085851
224	0.1820157101	0.254990739
225	0.1813775865	0.2538763798
226	0.1807697377	0.2526297338
227	0.1803676004	0.2519397609
228	0.180080987	0.2514995828
229	0.1797491362	0.2508987608
230	0.1786359127	0.2496935396
231	0.1782115796	0.2489037587
232	0.1778928153	0.2483958633
233	0.1768069222	0.2470623013
234	0.176242704	0.2460876749
235	0.176055177	0.2457586275
236	0.1749647011	0.2440306642
237	0.1746989495	0.2434562025
238	0.1744373521	0.2429329249
239	0.1738357923	0.2418524109
240	0.1733280524	0.2408682075
241	0.1729703775	0.2401714658
242	0.1729163535	0.2400137411
243	0.171802758	0.2387088978
244	0.1715122549	0.2381913971
245	0.1709448836	0.2371584411
246	0.170091052	0.2358076309
247	0.1697228911	0.2350900588
248	0.1694903731	0.2346006645
249	0.1687226053	0.2335102535
250	0.1683849169	0.2328564893
251	0.1677941394	0.2319458759
252	0.1667382424	0.230305988
253	0.1664400973	0.22965553
254	0.166107371	0.2293143405
255	0.1655466426	0.2284780395
256	0.1651445302	0.2276830861
257	0.1649320907	0.2272360962
258	0.1637418701	0.2254097148
259	0.163209937	0.2245176703
260	0.1623474225	0.2231457328
261	0.1614560753	0.2218096999
262	0.161039354	0.2212824532
263	0.160520041	0.2204070655
264	0.1600474861	0.2194070625
265	0.1598365008	0.2189942091
266	0.159362474	0.2181178268
267	0.1588403926	0.2172381727
268	0.1586414498	0.2167952737
269	0.1581307669	0.2159311025
270	0.1578426025	0.2153578768
271	0.1576481237	0.2149344341
272	0.1568110871	0.2138643942
273	0.1566200904	0.2134524542
274	0.1564199839	0.2130263584
275	0.1562588293	0.212649949
276	0.1558169696	0.2119068613
277	0.1554335579	0.2111920791
278	0.1552422215	0.2108209491
279	0.1549134356	0.2101342947
280	0.1546147364	0.2094802602
281	0.154407448	0.2090717728
282	0.1541596038	0.2086541399
283	0.1533485094	0.2076483586
284	0.1531087608	0.2072438076
285	0.1525860303	0.2064154913
286	0.1523469508	0.2060504554
287	0.1515614981	0.2049185909
288	0.1507617671	0.2039932376
289	0.1504782195	0.2033781819
290	0.1501981525	0.2029768289
291	0.1494627924	0.2018913018
292	0.1488089575	0.2008450812
293	0.1485380123	0.200248835
294	0.1477569754	0.1989945824
295	0.1474948035	0.1984249445
296	0.1467230081	0.1975493484
297	0.1459256392	0.1966465383
298	0.1452587752	0.1956310043
299	0.1444934589	0.1945195808
300	0.1442208885	0.1941839234
301	0.1436465147	0.1932345384
302	0.1430804018	0.1923062481
303	0.1428224433	0.1919844411
304	0.1422235	0.1912547996
305	0.1416528003	0.1905481572
306	0.1410969475	0.1898637058
307	0.140613682	0.188943636
308	0.1399103004	0.1878275748
309	0.1395170589	0.187355622
310	0.1389137017	0.1864689059
311	0.1383826193	0.1858293551
312	0.1377085206	0.1848420175
313	0.1374916132	0.184555087
314	0.1370063317	0.1836735019
315	0.136797979	0.1833973232
316	0.1362085257	0.1825541428
317	0.135696755	0.1817513683
318	0.1351260179	0.1809150385
319	0.1346586888	0.180091192
320	0.1342595405	0.1793374538
321	0.1338072842	0.1787566904
322	0.1333599362	0.1780068232
323	0.1328996634	0.1772454854
324	0.132560809	0.1766235054
325	0.1320438199	0.175645526
326	0.1316365774	0.1751029522
327	0.1312438507	0.1745771915
328	0.1310751556	0.1743394522
329	0.1308845146	0.174080693
330	0.1304994654	0.1733227478
331	0.1303123801	0.1730709321
332	0.1298140098	0.1721462718
333	0.1295062597	0.1714967994
334	0.1291274758	0.1710011583
335	0.1287560907	0.1705209441
336	0.1285753072	0.1702813852
337	0.1280934307	0.169393977
338	0.1275911152	0.1687078822
339	0.127232119	0.16825205
340	0.1267619119	0.1673918414
341	0.1264827946	0.1667933669
342	0.1261938986	0.1662004048
343	0.1259920373	0.1658808446
344	0.125643256	0.165447804
345	0.1251900108	0.1646280289
346	0.1247435105	0.1638279128
347	0.1245743329	0.163608146
348	0.1243107373	0.1630573407
349	0.12405676	0.162510692
350	0.1236211495	0.1617378288
351	0.1232043371	0.1609876311
352	0.123044168	0.1607799872
353	0.1228858388	0.1605764732
354	0.1225404394	0.1601777569
355	0.1223844604	0.1599793562
356	0.1219245387	0.1594004125
357	0.121777898	0.1590005658
358	0.1215627387	0.158719237
359	0.1212350919	0.1583395221
360	0.1209973698	0.1580528951
361	0.1208026235	0.1577834947
362	0.1206061174	0.1573433099
363	0.120415319	0.1570800348
364	0.1200523395	0.1564583979
365	0.1196969203	0.1558495555
366	0.1195482571	0.1556677509
367	0.119401313	0.1554894808
368	0.1191136999	0.1550544748
369	0.1188030447	0.1545143409
370	0.1185654818	0.1541222684
371	0.1182629252	0.1535968508
372	0.1181212325	0.1534269619
373	0.1179757874	0.1531774577
374	0.1178384981	0.1530120231
375	0.1176058897	0.1526318983
376	0.1174652804	0.1524398158
377	0.1173230123	0.1521987968
378	0.1170946372	0.1518303653
379	0.1169583897	0.151646788
380	0.1168238104	0.1514849496
381	0.1167068618	0.1511434729
382	0.1165411022	0.150933057
383	0.1163684431	0.1507085328
384	0.1162341021	0.1505304822
385	0.1161220017	0.1503283051
386	0.1159527801	0.1501116432
387	0.1157901767	0.1499059361
388	0.1156293116	0.1497043718
389	0.1155027375	0.149488144
390	0.1153781246	0.1492763573
391	0.1152192633	0.1490786199
392	0.1151124295	0.1488895752
393	0.1149553831	0.1486957657
394	0.1148501642	0.1485103923
395	0.1146387796	0.1481875535
396	0.1144840376	0.147998508
397	0.1142759702	0.1476837735
398	0.1139981159	0.1472684971
399	0.113724458	0.1468633392
400	0.1136071138	0.1466712712
401	0.1135066108	0.1464999737
402	0.1132378497	0.1461059363
403	0.1130098192	0.1458206306
404	0.1129167096	0.1456746573
405	0.1126919186	0.1453974732
406	0.1122604393	0.1448831916
407	0.1121686475	0.1447436466
408	0.1120503099	0.1445926564
409	0.1119502845	0.1444247359
410	0.1118601939	0.1442911733
411	0.1117443112	0.1441467966
412	0.1113612582	0.1436205655
413	0.1112460981	0.1434793959
414	0.1111580514	0.1433548298
415	0.1110228097	0.1431631713
416	0.1106447056	0.1426503239
417	0.1105115406	0.1424635612
418	0.1103795957	0.142280494
419	0.1102791774	0.1421165033
420	0.1101435753	0.1418947998
421	0.1100004804	0.1416165805
422	0.1098905978	0.1414022787
423	0.1097896424	0.1412736245
424	0.1096803372	0.1411470858
425	0.1095616823	0.1410019445
426	0.1094318482	0.1408253497
427	0.1093032059	0.1406522039
428	0.1091677193	0.1403898294
429	0.1090401868	0.1402200829
430	0.1089138274	0.1400536278
431	0.1087186035	0.1397566689
432	0.1085933755	0.1395932978
433	0.1084983174	0.1394410622
434	0.1083666824	0.1391933611
435	0.1082425515	0.139032826
436	0.1078409419	0.1385311866
437	0.1075706705	0.1382048598
438	0.1073243284	0.1378417147
439	0.1071959909	0.1376385704
440	0.1067503232	0.1370527825
441	0.1066054367	0.1368318422
442	0.1057964991	0.1356977258
443	0.1049996444	0.1346524363
444	0.1042423802	0.1336344623
445	0.1034982927	0.1326431045
446	0.1027849455	0.1315843517
447	0.1026643836	0.1314305829
448	0.1025449855	0.1312797972
449	0.1018851578	0.1303385056
450	0.101236693	0.1294241262
451	0.1005534323	0.1284311753
452	0.09987962127	0.1274955116
453	0.09921945968	0.1265917259
454	0.0986946253	0.1258472148
455	0.09818052576	0.1251293618
456	0.09805884872	0.1250065972
457	0.09755550111	0.1243143084
458	0.09697182811	0.1235378107
459	0.09685669564	0.1233918639
460	0.09633425245	0.1226313118
461	0.09582297851	0.1218965707
462	0.09562721572	0.1216254998
463	0.09545952921	0.1213823345
464	0.09534235182	0.1212658983
465	0.09517707341	0.1210285345
466	0.09468294845	0.120489393
467	0.09418471211	0.1197793997
468	0.09371095846	0.1190936474
469	0.09359824385	0.1189821294
470	0.09317242682	0.1184051658
471	0.09298306314	0.118150081
472	0.09281503103	0.1179200026
473	0.09259148768	0.117681428
474	0.09225187601	0.117196079
475	0.09192082954	0.1167224009
476	0.09159794153	0.116260111
477	0.09150498272	0.1161593252
478	0.09118250149	0.1157088221
479	0.09073911111	0.115072197
480	0.09069656883	0.1150212131
481	0.09065489944	0.1149710637
482	0.09057530859	0.1148753013
483	0.09027208544	0.1144451916
484	0.09019405821	0.1143519277
485	0.09011679001	0.1142605226
486	0.08998426012	0.1140099818
487	0.0899077218	0.113920832
488	0.08970043948	0.1137025161
489	0.08946764243	0.1132957092
490	0.08909821627	0.1126950854
491	0.08873969131	0.1120976717
492	0.08861390441	0.1118693277
493	0.08857842988	0.1118258023
494	0.08854313644	0.1117829797
495	0.08828021572	0.111385356
496	0.08820672364	0.1113024906
497	0.08794985153	0.1109749935
498	0.08760272753	0.1104286822
499	0.08733916761	0.1101782071
500	0.08726743481	0.1100983901
501	0.08692379625	0.1095410025
502	0.08685300343	0.1094632339
503	0.08663164379	0.1091279776
504	0.08659837613	0.1090897871
505	0.08637824264	0.1087157578
506	0.08630912414	0.1086411124
507	0.08619257876	0.1084386911
508	0.08586204232	0.1079304975
509	0.08564610538	0.1075690836
510	0.0854065668	0.1072745013
511	0.08515504391	0.1070386174
512	0.08491356022	0.1066568143
513	0.08484670502	0.1065857068
514	0.08452599143	0.1061008155
515	0.08431756325	0.1057986279
516	0.08425200555	0.1057296661
517	0.0839388336	0.1052636345
518	0.08361694417	0.1048279312
519	0.0834149931	0.1045415379
520	0.08321577308	0.1042620938
521	0.08315181441	0.1041955479
522	0.0828716178	0.1037973046
523	0.08267590649	0.1035267252
524	0.08242561266	0.1032575007
525	0.08219689633	0.1029052808
526	0.08189154419	0.1025039066
527	0.08182581613	0.1024402378
528	0.08163514995	0.1021804621
529	0.08134443065	0.1017676304
530	0.08113147939	0.1014817308
531	0.08088865307	0.1012218806
532	0.08060055355	0.1008380226
533	0.08034034242	0.1004795152
534	0.08010214404	0.1002255658
535	0.07992241533	0.09998828674
536	0.07970109039	0.09974093719
537	0.07956141452	0.09956528099
538	0.07934307215	0.0993261679
539	0.07921420221	0.09915655059
540	0.07899910939	0.09892329776
541	0.07882574986	0.09869621605
542	0.07862849298	0.09834971903
543	0.07843105497	0.09809394306
544	0.07823781591	0.0977584851
545	0.07804767321	0.09751285571
546	0.07787248808	0.09718804552
547	0.077699682	0.09687137339
548	0.07754303354	0.09663761183
549	0.07740031115	0.09643909685
550	0.07724699056	0.09621443099
551	0.07707944735	0.09591215768
552	0.07693993194	0.09572301942
553	0.07679089981	0.09550900952
554	0.07648450031	0.09510385047
555	0.07633876566	0.0948977726
556	0.07619523446	0.09469804521
557	0.07600788771	0.09438150035
558	0.07583741048	0.09407290996
559	0.07563005273	0.09373308046
560	0.07530578411	0.09335046036
561	0.07500234348	0.09295689694
562	0.07480259674	0.09263415257
563	0.07448851956	0.09226892222
564	0.07439035493	0.09215190613
565	0.0740979815	0.09178196161
566	0.07400238238	0.09166919039
567	0.07384673947	0.09139855718
568	0.07365750302	0.09110109821
569	0.07347107031	0.09081155349
570	0.07339400811	0.09073427398
571	0.07311431201	0.09039062241
572	0.07303823783	0.09031444559
573	0.07278130195	0.08999392875
574	0.07251108329	0.08966979141
575	0.07233414802	0.08940141126
576	0.07213351472	0.08919251141
577	0.07196124584	0.08893425343
578	0.07183640487	0.08882734518
579	0.07169610326	0.08862709517
580	0.07150197972	0.08842766715
581	0.07126193656	0.08813968575
582	0.07112304568	0.08794335066
583	0.07104999141	0.08786882991
584	0.07086133975	0.0876774758
585	0.0705878615	0.0873741649
586	0.07045138094	0.0871822939
587	0.07031652321	0.0869940065
588	0.07013300773	0.08681043741
589	0.07006184733	0.08673800521
590	0.06988170582	0.0865595448
591	0.0697656129	0.08646300665
592	0.06969544469	0.08639234854
593	0.06943014321	0.08610255138
594	0.0691691966	0.08582135035
595	0.0690102029	0.08563658795
596	0.06887939044	0.08545563384
597	0.06866304641	0.0852187278
598	0.06850806728	0.08504086173
599	0.06825462384	0.08477146004
600	0.06812766428	0.08459626607
601	0.0679759751	0.08442457972
602	0.06772770144	0.08416387277
603	0.06757843612	0.08399660237
604	0.06743117943	0.08383298452
605	0.06728590053	0.08367292812
606	0.06717200086	0.08353567709
607	0.06697317429	0.08326813435
608	0.06687950878	0.08317974951
609	0.06676796145	0.0830480711
610	0.06656486316	0.08282844256
611	0.06631569986	0.08251762615
612	0.0661890292	0.08236112076
613	0.06594486885	0.08205972339
614	0.06581401646	0.08189944333
615	0.06572566333	0.081817187
616	0.065502398	0.08154624799
617	0.06537352193	0.08138906851
618	0.06528732188	0.08130968589
619	0.06496801768	0.08101131634
620	0.06473362005	0.08072639666
621	0.06452036333	0.08051936589
622	0.06421074966	0.08023363208
623	0.06408564409	0.08008119401
624	0.06387887207	0.07988347167
625	0.06357760909	0.07960886027
626	0.06338762351	0.07933612939
627	0.06320130447	0.07912019596
628	0.0630728942	0.07900846978
629	0.06295756051	0.07887182105
630	0.06279817474	0.07867482483
631	0.06266091512	0.07849394407
632	0.06259346871	0.07839960575
633	0.06252657673	0.07830679245
634	0.06241414084	0.07817826559
635	0.06234788049	0.07808690146
636	0.06228216706	0.07799701292
637	0.06205463333	0.07771299606
638	0.06198935004	0.07762450154
639	0.06176520772	0.07734793208
640	0.06170036416	0.07726079421
641	0.06149201527	0.07699146248
642	0.06138837355	0.07686602612
643	0.06132599876	0.07681681231
644	0.06126267958	0.07673141347
645	0.06119988644	0.07664737381
646	0.06105271705	0.07648451198
647	0.06088264693	0.07629188824
648	0.06081377691	0.07623113436
649	0.06075175215	0.07614855711
650	0.06069024522	0.07606729158
651	0.06053950967	0.07587299564
652	0.06047782239	0.07579286241
653	0.06044914605	0.07573342734
654	0.06032984425	0.07558199845
655	0.06023004737	0.07546391029
656	0.06016965303	0.07538567747
657	0.06001953938	0.07520294274
658	0.05992648441	0.07508923852
659	0.0598321715	0.07497792854
660	0.05977675535	0.07493270998
661	0.05972029602	0.07488850054
662	0.05963096204	0.07477184321
663	0.05955094714	0.07467607213
664	0.05949198677	0.07460023679
665	0.05938266386	0.07448781245
666	0.05928276088	0.07438742448
667	0.05923011075	0.07434609745
668	0.05896499815	0.07409949178
669	0.05885230393	0.07397063517
670	0.05872292132	0.07386673365
671	0.05861804954	0.07376127885
672	0.0585076354	0.07363658777
673	0.0583610092	0.0734933365
674	0.05829545183	0.07340413528
675	0.05824588256	0.0733238202
676	0.05810214914	0.07318493595
677	0.0580682315	0.0731376779
678	0.05801814762	0.07309931136
679	0.05798464863	0.07305308805
680	0.0579363322	0.07297512033
681	0.05788856691	0.07293799087
682	0.05769868576	0.07273644109
683	0.05764012917	0.07266538917
684	0.05759178246	0.07262940055
685	0.05740487346	0.07243294269
686	0.05734364365	0.07234941549
687	0.05729764096	0.07231437286
688	0.05711394331	0.072122927
689	0.05705664932	0.07205326597
690	0.05701013072	0.07197869353
691	0.05695324556	0.07191005797
692	0.05689686031	0.07184263151
693	0.05683777294	0.07176212727
694	0.05666374194	0.07157287909
695	0.05657119373	0.07143321772
696	0.05651543425	0.07136707536
697	0.05636007696	0.07118084387
698	0.05619581629	0.070996308
699	0.0561529885	0.07092492873
700	0.05609832543	0.07086010763
701	0.05604414111	0.07079642786
702	0.05599043148	0.07073386886
703	0.05594781455	0.07066388694
704	0.05581780794	0.07051863263
705	0.05573789144	0.07040964535
706	0.05568484377	0.07034814275
707	0.05563225847	0.07028772304
708	0.05553066452	0.07018265696
709	0.05548859295	0.07011362383
710	0.05541330507	0.07001713871
711	0.05525371032	0.06983858918
712	0.05517589384	0.06973323113
713	0.05513510305	0.06966700683
714	0.05509495194	0.06960255461
715	0.05503989722	0.06952968784
716	0.05494054675	0.06942657898
717	0.05478456514	0.06925311027
718	0.05468686731	0.0691523918
719	0.05453357285	0.06898332649
720	0.05447965444	0.06891132778
721	0.05442656585	0.06884101439
722	0.05427561835	0.06867592012
723	0.05415641228	0.06853941895
724	0.05408879819	0.06845762568
725	0.05403755714	0.0683895753
726	0.05394222513	0.06829035759
727	0.05384814159	0.06819328472
728	0.05379768053	0.06812610166
729	0.0536512718	0.06796706732
730	0.0535518164	0.06786092367
731	0.05339123438	0.06767375817
732	0.05329958426	0.06757984829
733	0.05314773604	0.06740194502
734	0.05305111809	0.06730014445
735	0.05300207109	0.06723352022
736	0.05281432205	0.06705928124
737	0.05276613578	0.06699400679
738	0.05271865378	0.06693018831
739	0.05267186246	0.06686778523
740	0.0525172532	0.06669087093
741	0.05238797151	0.06651187634
742	0.0522421019	0.06634436752
743	0.05210654273	0.06619841876
744	0.05197322094	0.06607880841
745	0.05196527973	0.06606645289
746	0.05190365709	0.06599327906
747	0.05184302207	0.06592213992
748	0.05176792268	0.06586004855
749	0.05167469939	0.06576054024
750	0.05152009653	0.06560356647
751	0.05144235851	0.06550822736
752	0.05129442303	0.06531367098
753	0.05115908347	0.06516312688
754	0.05108296267	0.06507102496
755	0.05094415232	0.06492224643
756	0.05087191548	0.06485141011
757	0.0508077778	0.06475993361
758	0.05073686581	0.06469149221
759	0.05059253299	0.06450386744
760	0.05049810974	0.06441287419
761	0.05047873531	0.0643953801
762	0.05033660055	0.06421265039
763	0.05024736298	0.06410195345
764	0.05015944114	0.06399415904
765	0.04999535115	0.06380499546
766	0.04993043057	0.06374442947
767	0.04985697463	0.06365733164
768	0.04973578829	0.06353291303
769	0.04961732715	0.06341223869
770	0.04951342648	0.06333132553
771	0.04940205521	0.06318171746
772	0.04930998449	0.0630938758
773	0.04919366353	0.06297858295
774	0.04912628038	0.06291548236
775	0.04902646496	0.0628404745
776	0.04891311426	0.06272882765
777	0.04882043582	0.06260766125
778	0.04874070576	0.06251439818
779	0.04867400847	0.06244960256
780	0.04866631079	0.06243961536
781	0.04858635076	0.06234890718
782	0.04846769944	0.06217678008
783	0.04837728336	0.06206126611
784	0.04829995531	0.0619732978
785	0.04816066756	0.06179576263
786	0.04807294575	0.06168456241
787	0.04800790774	0.06162385642
788	0.04792193226	0.06154471792
789	0.04783831992	0.0614680174
790	0.04777477485	0.06140945114
791	0.04769478383	0.0613037091
792	0.04762511944	0.06122084758
793	0.04756050049	0.06112193879
794	0.04747549567	0.06101471636
795	0.0473940508	0.06094118062
796	0.04730086822	0.06084359827
797	0.04723998071	0.0607635258
798	0.04716182349	0.06066168035
799	0.04710163626	0.06058351587
800	0.0470103828	0.06048964719
801	0.04694706767	0.06040609372
802	0.04688420112	0.06031073736
803	0.04684097478	0.06020530984
804	0.04672114301	0.06005879695
805	0.04666001115	0.05998466334
806	0.04659850597	0.05989252132
807	0.04655590495	0.05979029101
808	0.04651449014	0.05969125066
809	0.04641776723	0.05957815974
810	0.04636083564	0.05950555203
811	0.04630464787	0.05943436753
812	0.04621658456	0.05934455355
813	0.04615694775	0.05927365381
814	0.04607031667	0.05918630463
815	0.04594654569	0.05908044415
816	0.04586165178	0.05899600013
817	0.04577808412	0.05891394128
818	0.04565733153	0.05881219776
819	0.04558119212	0.05874727811
820	0.0454995168	0.05866859686
821	0.04539345413	0.05849647413
822	0.04528131754	0.05839814564
823	0.04523156844	0.058320328
824	0.0451657862	0.05823079974
825	0.04512949949	0.0581766909
826	0.04501518031	0.05804474783
827	0.04496613141	0.05796830076
828	0.04488543534	0.05789189413
829	0.04483683804	0.05781679074
830	0.04480109515	0.05776392466
831	0.0447217799	0.05768953622
832	0.04470196112	0.05765777712
833	0.04462394728	0.05758546877
834	0.04457918671	0.05754559882
835	0.04456765241	0.05752936346
836	0.0444797833	0.05742234756
837	0.04442313185	0.05735899556
838	0.04434656535	0.05728903509
839	0.04429874797	0.05725251163
840	0.0442232865	0.05718441596
841	0.04412382046	0.0570931127
842	0.04407715842	0.05705823843
843	0.04400302793	0.0569922429
844	0.0439558324	0.05691850689
845	0.04390639396	0.05686035288
846	0.04385287437	0.05681861847
847	0.04373247075	0.05665619498
848	0.04369813558	0.05660682623
849	0.04368013599	0.05658383368
850	0.04360757383	0.05651966311
851	0.04356581572	0.05648415604
852	0.04349951847	0.05642825542
853	0.04348194666	0.05640621022
854	0.04341072691	0.05634436265
855	0.04329689371	0.05618856967
856	0.04322979656	0.05612872184
857	0.04318359189	0.0560575038
858	0.04312725863	0.05598692162
859	0.04308203507	0.05591816011
860	0.04297621821	0.05576767266
861	0.04293168996	0.05570049171
862	0.04287329751	0.05563343891
863	0.04285528089	0.05560634764
864	0.04281653208	0.05555095628
865	0.04274929082	0.05543679404
866	0.04271096409	0.05538239184
867	0.04267057589	0.0553490857
868	0.04263086126	0.05531675894
869	0.04259290919	0.05526327867
870	0.04252123396	0.05517352219
871	0.04246798735	0.05510958366
872	0.0424616024	0.05509902075
873	0.0423931036	0.05502987621
874	0.04235548502	0.05497760679
875	0.04231827447	0.05492630359
876	0.04225802988	0.05481925727
877	0.04218884257	0.05475257525
878	0.04215301284	0.05471457973
879	0.04208928492	0.05463301787
880	0.0420218297	0.05456558002
881	0.04197903463	0.05450195948
882	0.04194250398	0.05445196343
883	0.04190849207	0.05440597237
884	0.04187109424	0.05437504373
885	0.04177497763	0.05423847742
886	0.0417088398	0.05417317613
887	0.0416967624	0.05415795393
888	0.04164214748	0.05406370963
889	0.04160530039	0.05403348953
890	0.04153849205	0.05397068771
891	0.04150254115	0.05392151147
892	0.04149073528	0.05390691108
893	0.04143303884	0.05384407747
894	0.04134955405	0.05370808105
895	0.04126690565	0.05357462995
896	0.04122505837	0.0535165485
897	0.04118368853	0.05346008305
898	0.04113404469	0.05340569917
899	0.04108503727	0.05335262767
900	0.04104412474	0.05329740527
901	0.04100367803	0.05324370559
902	0.04099037059	0.0532299311
903	0.04094914808	0.05319670776
904	0.04090914971	0.0531443782
905	0.04085693731	0.0531055831
906	0.04080882363	0.0530537526
907	0.04077375165	0.05300698631
908	0.04070215411	0.05288513118
909	0.04065409696	0.05278206143
910	0.04061636683	0.05268890516
911	0.04058242597	0.05264332235
912	0.04054917725	0.05260297832
913	0.04051204984	0.05251275445
914	0.04047237703	0.05247623827
915	0.04043115089	0.05239932015
916	0.04039754531	0.05235440587
917	0.04031646734	0.05222648199
918	0.04024571476	0.05210917469
919	0.04017559988	0.05199371926
920	0.04010611666	0.0518800862
921	0.04006930947	0.05182965552
922	0.04000044172	0.05171772825
923	0.03994354532	0.05162916303
924	0.03991332941	0.05157365311
925	0.03985869754	0.05149037164
926	0.03979043904	0.05137999258
927	0.03975101313	0.05130619007
928	0.0396834172	0.05119747006
929	0.03961643071	0.05109046788
930	0.03955711974	0.05103051546
931	0.03949852163	0.0509718379
932	0.03943213301	0.05086626645
933	0.03936634258	0.05076236235
934	0.03931335623	0.05068196397
935	0.03925869564	0.05059841218
936	0.03916362075	0.05045639235
937	0.03913217778	0.05041740376
938	0.03906700544	0.05031475606
939	0.03901788473	0.05023419714
940	0.03896734691	0.05015901563
941	0.03890278686	0.05005783187
942	0.03884546699	0.05000012991
943	0.03881504336	0.04991863076
944	0.03878651645	0.04986935978
945	0.03875214894	0.04982297283
946	0.03872826634	0.04979986485
947	0.03866431624	0.04970017182
948	0.03863371906	0.04966221848
949	0.03857065639	0.04956402053
950	0.03850839939	0.04946737318
951	0.03849561859	0.04945568404
952	0.03848308355	0.04944424397
953	0.0384600692	0.04942393993
954	0.03839848182	0.04932903658
955	0.03832897468	0.04922875874
956	0.0382798967	0.04915588751
957	0.0382568358	0.0491361545
958	0.03818760235	0.04903789685
959	0.03814675307	0.04896285111
960	0.03811932633	0.04891785628
961	0.03809377951	0.04884094565
962	0.03806807075	0.04879385964
963	0.03804456446	0.04877823848
964	0.03799326099	0.04870871762
965	0.03792535819	0.04861205884
966	0.03789806411	0.04856825099
967	0.03786726851	0.04855233633
968	0.03781678572	0.04848471929
969	0.03775786216	0.04839577999
970	0.03769946285	0.04830825212
971	0.03767499116	0.04823504643
972	0.03760908009	0.04814314504
973	0.03755177083	0.04805835214
974	0.03752272697	0.04803464859
975	0.03746593624	0.04795124725
976	0.03741413428	0.04787891538
977	0.03731765366	0.04776853169
978	0.03722270538	0.04766120052
979	0.0371865183	0.04759347792
